1.1138623751840036,0.1529582189472872,0.33195419539889687,0.5474225043479531,0.31287606999121576,0.5073836424470961,0.40174695744078914,-0.025988252480723645,0.30151852950200836,0.424445149401582,0.6956522357956184,0.7614266507981207,0.7277385297471286,0.0
0.8427675723595847,0.49452923844618535,0.8773575578830993,0.494401875303676,0.464363634180561,0.09896559505296967,0.3646151881835947,0.539072884719077,0.10348452446798109,0.19285333500356108,0.13171934652387224,0.17284514517491684,-0.007644202073793849,2.0
0.16447205066110723,0.28996480157735244,0.45483553287835693,0.3749718335501368,0.3036614634069311,0.7685219106141701,0.21186284416572101,0.18145454545313328,0.37722891669160186,0.1603732607908769,0.35927212496596195,0.46938287489538566,-0.18717276593264445,1.0
0.3781642777213096,0.0154612639278775,0.24710758765325613,0.21872122351331816,0.12157670872599752,0.35644852037395636,0.4939025479169109,0.6469688967067762,0.23967863578130114,-0.20187694859774594,0.8911340605293794,0.5342765278269981,0.2892372192658934,1.0
0.26291807723970495,0.6260272078164981,0.5455783717819644,0.7261889056615196,0.06856238804038364,0.4437017400460804,0.3489992972672595,0.5317814764193671,0.2853532846567397,0.04188429799079145,0.4012761531420408,0.6129830452356672,0.22580138180026016,1.0
0.8109941896786806,0.6664985641723316,0.46568235052315243,0.8985722998917689,-0.016013492893235948,0.14571198214208525,-0.3734197664257146,0.4381343694216853,0.5948955740254147,-0.06663561997117462,0.22662487608388335,-0.07217263268942006,0.7260203170907024,2.0
0.8137742099647914,0.41139733344759777,0.6153601647031395,0.07505732811571653,0.5713148295410602,1.0425009595276893,0.6045512322212994,0.24917522088190341,0.5481464862307102,0.7006134384488211,0.32370218906826437,0.5800996455513792,0.8789864664172903,0.0
0.5233596556946629,0.5543978454455496,0.7196133467140948,0.3882631123999505,0.30965406004980744,0.8151896739801836,0.44211249186873497,0.26387997766599125,0.3026419180325465,0.42190158680989276,0.8435851443858644,0.7137664347363779,0.7469013944386452,0.0
0.4110909433256448,0.3952453196762047,0.3506089778658493,0.43384034066599486,0.43745121949024324,0.6083782506953981,0.49538752792713586,0.040382504380384376,0.5350783345067656,0.18171198530516647,0.3854267620936704,0.5007775273350064,-0.09224482896534617,1.0
0.7364085249678349,-0.002468340846220718,0.7222442352246273,0.6968166974635156,0.18695991608401008,0.2543654941212496,0.44614444009044124,0.17157115332702177,0.5620464700814498,0.2799954572366805,0.560350966986831,0.6277254756510112,0.8127222256864067,0.0
0.459721479438717,0.9223821230062353,0.5727190303405651,0.5636604784843972,0.44654835633917644,0.04264491214041555,0.26371342508335793,0.8423997944110833,0.13934641661218744,0.3271077784512451,-0.21677743595797228,0.10413739409442838,0.3454201452922406,2.0
0.686203816119175,0.2199116893181668,1.0938844480517995,0.3118296139486832,0.3124695115581912,0.9048079059313513,0.5959888884486937,0.2812885733738949,0.39118012873258684,0.23039273380929462,0.615614895995688,0.7695698142235218,0.6620847874777217,0.0
1.131451280983156,-0.0768450866416199,0.31874866050910056,0.028910098043824196,0.39666792169546383,0.8120922800642444,0.5715653491040648,0.5221141495644747,0.6567816997901578,0.05847890072792972,0.708761336988105,0.4909057847782441,0.6782529219108808,0.0
0.7446603738428208,0.39391578536970673,0.4891030291951137,0.3975153806780263,0.1885242911193312,0.7324208087690064,0.43593938818207156,0.373666352658564,0.5175536177469323,0.44099380266629534,0.6542193580760374,0.6604229614416484,0.5218533460125351,0.0
0.8284895524107505,-0.11924568645429356,0.45070894436541437,0.46014610846894266,0.20232071112918446,-0.031527051175199605,-0.11077118046096283,0.6001488789495093,0.011348412889819672,0.6930477066696151,0.10563389567404649,0.08171435788479156,0.1660246811492509,2.0
0.5794452285011829,0.03913492702553657,0.08685727343504265,0.2504775524243268,-0.08836732342293299,0.6985623300800359,0.47863419103788446,0.22309115428983167,0.5554037400171137,0.5902830163316208,0.4847649587038938,0.8560519992150807,0.08881908442637464,1.0
0.4619325519796942,0.3857475455712877,0.41262120904240523,0.5938809634765218,0.28634254068474496,0.37654052461761445,0.14447760762088524,0.9136221417548386,0.44375907485534294,0.35086861159007177,-0.061195340461361325,0.05640108846624285,0.3078032634385886,2.0
0.56572614131019,0.28609133898285993,0.8483385958725418,0.8312259652118145,0.5739688408805097,0.11549890408255933,0.1880319348603054,0.10797863589457117,0.5017587114003009,0.7334120912848314,0.2003964983511382,0.2109980838694216,0.22666212183179052,2.0
0.533096362671455,0.30812327108781085,1.0877231661095577,0.5738357137681573,0.6256265152277874,0.828821887872892,0.5654471670886307,0.5227185134438737,0.45506188457810565,0.2219963261943144,0.7934591045831639,0.6622603341536151,0.45648296939096294,0.0
-0.21852347594386717,-0.31519850759646156,0.777061678970824,0.6676601513801382,0.062006182691096146,0.8971621661651613,0.6553986289160934,0.514346802004028,0.5318567294656655,-0.3748935674313377,0.5947762501070051,0.6314141760796043,0.22775912771925713,1.0
0.6301247266418349,0.585730094375444,0.45889796981731507,0.551400610445176,0.47931079428243173,0.1486475122424624,-0.032245212504035836,0.6267126553085959,0.32248946187890226,0.3344443141657109,-0.05761678727848751,0.11100323013774868,0.39054439501350213,2.0
0.30418346367137855,0.8191840911277963,0.47055537828321164,0.6545276122570185,0.5731469688099513,0.28076410862172,0.12275944076362946,0.6368639609914287,0.36974049265305464,0.9668165802803041,0.07057479553852763,0.5484598327892709,-0.16251692717110466,2.0
0.901284204225411,0.2287420390248389,0.5913958485204723,0.4320469213126472,0.3679968325866027,0.6269773529394056,0.5710324436974712,0.39410730296396196,0.5670066757571298,0.42132483325335873,0.49218552404043864,0.5266789971929647,0.6105864184596688,0.0
0.6555275954505682,0.13886314869535882,0.6109593777873363,0.3146908135753224,0.3905798380811655,0.5856616027151038,0.6395860271611384,0.20642819641752716,0.41610403916273264,0.20890511916842386,0.437817776790238,1.0794756333144815,0.6289236576717825,0.0
0.3486369453932191,0.11698897118873469,0.5268290013480706,0.39172415059202625,0.09454722696321267,0.29615557863289865,-0.01361794174818974,0.9027030587701755,0.25236749737389325,0.45707272793334175,0.2276342756968829,0.058027295579974145,0.2828171853927846,2.0
0.535931039485282,0.4231503220432059,0.7684089239415485,0.26367228005537463,0.28621174442605946,0.47662794919361223,-0.29140237395502716,0.48673695028625047,0.5079529836498166,0.6264052998927916,0.28436876696284813,0.8213818305959173,0.40580514502919773,2.0
0.7811559565665334,0.354394754733879,0.5935883707743727,0.5613692763138078,0.3345155353738126,0.39211708921339405,-0.004469439970709935,0.31354936835499314,-0.04697922241936875,0.6373603628676769,-0.09871787879954047,-0.0026606889304514048,0.589376838802731,2.0
0.47575122244306783,0.1915280926131516,0.4741898948245023,0.43132873660305904,0.11728249436425287,0.3378287799433939,0.335560380891519,0.4785985034870628,0.430818382765486,0.15234199819217573,0.3272481478468752,0.7241809126006746,-0.113831498830577,1.0
0.289056817278583,0.033712812931505395,-0.04631668943328188,0.46857849351867137,0.042884632125263,0.40430618232027143,0.7015148345832904,0.0802358340169019,0.45262485580340706,0.6750855898918771,0.26984138545806696,0.9961869327710637,0.39256007400868265,1.0
1.2185381784868534,0.3540758982629983,0.38930777085649254,0.2771123642661708,0.007518119292734438,0.07808876852139143,0.34232285584358396,0.6658497611013282,0.279887739924656,0.8548228239852537,-0.05567393520893535,-0.6105567987566376,0.09244004773211734,2.0
0.5860151073017521,-0.012987584331024093,0.5609312148322814,0.6765435953113395,0.33051569399255304,0.7120420859395038,0.054113003072869204,0.0918872108067178,0.5690829707163404,0.03175819407036318,0.4844077583868192,0.9353941546797536,0.41094259637210045,1.0
0.9347207055891772,0.2646745777191464,0.7046101884411514,0.21291067799933003,0.3284372124909255,0.9891138376004965,0.721556869775095,0.19477115696007363,0.5005160775066464,0.5108316694957405,0.6109329314972756,0.9565829408882554,0.6931721714907746,0.0
0.3187107642080865,0.15623581255802305,0.36939578654823296,0.60590070471322,0.8523042674498813,0.6915414598373408,-0.01634021278639132,0.6027480955874407,0.008808106878709754,0.283495834000745,0.3877693394457593,-0.20343205447316298,0.3979761220976295,2.0
0.8615002064694606,0.7032109318757336,0.5588247018534682,0.3110996453028021,0.27114164392641893,0.7468053588176988,0.5060861011148272,-0.04806245158547853,0.4070277486150664,0.3513969171346621,0.022693894224766087,0.24614076939573237,-0.024045854225260177,0.0
0.5063126954437921,1.012716677566524,-0.06454248494430515,0.8004564028318975,0.3058841884282272,0.6969256478629968,-0.05123861140418082,0.835111598721565,0.1578347582714048,0.341161755061033,0.5953148762633991,-0.3496363377743022,0.5481204525723342,2.0
0.7226457052607618,0.4883371648303743,0.6478868161900386,0.004967383815066784,0.5105838840609682,-0.24272349671254895,0.2288311695012283,0.6832870861136848,0.7486809275817411,0.4952818006053626,-0.03973556450215315,0.18532429922773597,0.2292698260256319,2.0
0.49028547532675193,0.6112810466141154,0.49146326704009957,0.5336741089287769,0.49609628134114714,0.29828492984207977,0.14422094269959077,0.579012533525953,0.30978140554654465,0.7713092327110284,0.08217383573028521,0.07544052335528374,0.4367237762435351,2.0
0.5004033174260654,0.17931315550709997,0.6352653448667267,0.27219946652294813,0.6570866137526403,0.6503609966567498,0.39848575637594535,0.2703265077446586,0.5194368170333062,0.46830827000744846,0.2822230642290017,0.8355502239433098,0.5617615463825418,0.0
0.8352770928831466,0.24729431249764974,0.676394042877677,0.3693307261085858,0.542071879207955,0.6692395737802759,0.6049931256987823,0.32439878947919387,0.49550822592515054,0.40374063847841835,0.43286727903401645,0.5578575942209567,0.6545510632346853,0.0
0.3594406936941132,-0.14908929385293226,0.2182059373713842,0.49416145489727564,0.6339791836573501,0.7288683015410038,0.6799038591721047,0.31914101212541196,0.32589825531454,0.37482360997207625,0.7789813761238717,0.8846004273415937,0.30924607392602865,0.0
0.6476192808990235,-0.4352491444237201,0.4542480375143656,0.4635896197832694,0.4882107113168883,0.6605578630171036,0.8918163818817922,0.3282307812405092,0.5206080779179171,0.6333284547811504,0.24397251424530686,0.7987767864537907,0.6734052425804967,0.0
0.10103374203725042,0.27585915687700463,0.48613750848052617,0.6781003616715754,0.2609206157512737,0.5246459777619017,0.36368903331927355,0.6721953305347461,0.3852083072434134,0.07539038266815379,0.9302194909485013,0.3405943479274233,-0.07311051420452411,1.0
0.5243575251798638,0.9905675439330963,0.5041514849981947,0.5319044652378644,0.2565261208111503,0.5197038882307996,0.5222836676560508,0.28436144139236286,0.496267493292564,0.12847528459825602,0.21429494411427252,0.7424970846344932,0.07365646378723405,1.0
0.10407704163102516,0.5004406865880372,0.4905130276058259,0.5057605507551647,0.1910130267404816,0.7421283863634238,0.01979343671072914,0.2702059853339023,0.18516286667146648,0.09498768101647218,0.17423300094532856,0.9992970302865023,-0.24460069765538087,1.0
0.5969731778139443,0.13576974188724833,0.6921091786488978,0.38739249600101,0.5164117667262118,0.1671243090852586,0.6583092644284181,0.3658133031379168,0.227938398191812,0.2527683204307549,0.3979080505016201,0.3500155027545888,0.8135017659408708,0.0
0.7721565507707514,0.2784422877613215,0.6901609550365686,0.35666646722023804,0.4764740450266065,0.5952832850677855,0.5187443159666882,0.5535341667984099,0.34871997450085185,0.3713560519009436,0.542398796674372,0.5652616695396581,0.8180571634631133,0.0
0.42384468553645493,0.26287946290536646,0.6264064455256548,0.8242763414950361,0.6395533009172829,0.2839540607407931,0.23280694425862936,0.06578650446968234,0.24529656357966745,0.478560587195187,0.16573892819877514,0.030713097737392822,0.11955662220406921,2.0
0.6582494106491112,0.21849686396741225,0.028074356242249632,0.696238272565563,0.1269348208418528,0.48179814099868906,0.22667057703225169,-0.24135340262308336,0.5135357516832504,0.4613322970608593,-0.09650904529168403,0.4622425598400467,0.5345561048640596,0.0
0.32195669963875545,-0.1963425247097493,0.3841032205358519,0.46799190346752123,0.1766746489756577,0.08627680801300136,0.3433024571647245,0.03100125782221619,0.29939513942574913,-0.015080098369895267,0.8405892820777646,0.6979751767194132,0.07529062161881656,1.0
0.9115771879973262,0.09883737507722015,0.7271569123813877,0.4639285656181691,0.7301889906241873,0.2991135860239666,0.31922720943870814,0.403138029720599,0.5503440328743429,0.511819054236557,0.43766155482644614,0.8724137986491074,0.7625422135542395,0.0
0.7007895478419067,0.2693608718909145,0.7350123592467683,0.4461429480849075,0.34861863166629975,0.7291014163645548,0.5377481702001241,0.4886162476163355,0.385368055769765,0.35929223155012174,0.6898036182804645,0.7696483582905813,0.38558125784811026,0.0
-0.08320166845475696,0.3577940629402763,0.5071296129888088,0.7882707527125511,0.21837253221944158,0.6044365164885808,0.051757588335130195,0.5453904060658438,0.05413644008810434,0.017834441847126986,0.2050421108119074,0.7516035554692997,-0.1240182152941878,1.0
0.718964433889557,1.077297174567892,0.6718501284631624,0.745574965908939,0.14132746501338445,0.5216293752814021,0.2166961305015278,0.2518158475062332,0.6063701417107858,0.2683309139750975,-0.04748276407021346,0.1438165094505693,0.41270035466727734,2.0
0.32773960317018774,0.6228627102005414,0.688854746826135,0.5505507245578797,0.40206189276505466,0.6048831112836078,0.401861648817828,0.7119157070345238,0.5858079198502764,0.23920282699925144,0.507230863868218,0.7685146305369602,0.01925788975082586,1.0
0.6233301419341386,0.2728324207220538,0.5562331120408788,0.6736417326075074,0.22250527999865147,0.48170818612122346,0.3883394327499012,0.14129504877569193,0.15206961416756137,0.37602157772070266,0.24236573456341015,0.5230398509758999,0.45097204423344184,1.0
0.344495926986648,0.21095664161011585,0.24056322400963578,0.5677899491934787,0.20656352759630464,0.03618880483680392,0.4638732107592233,1.0600679564238014,0.3562320540860464,0.01487483164209244,0.42282172558825537,0.5938322325888552,0.11411274167715287,1.0
0.35373248960807263,0.3893608951006729,0.48288815653453754,0.6205292069167514,0.2120197638477125,0.3631348255366654,0.2877579370086573,1.01464701456888,0.23571832078021948,0.10203788193087385,0.3723702253751001,0.7991919896190817,0.06038009403645379,1.0
0.6552428231314497,0.45502859080112756,0.49245998718822703,0.4143601082975702,0.22779870553166054,0.28363158044735,0.12209819160388956,0.859556993541672,0.1413691658789592,0.5415311299196404,0.16707574661959815,0.057164310148170444,0.22817043294624584,2.0
1.1040326553048907,0.4749490715693918,0.38431527004812527,-0.05532988924747925,0.20140875863628915,0.9406381603987359,0.466506234658954,0.19437892192164224,0.3972438123559831,0.093504436656762,0.9092933427582567,0.6979974048379075,0.41872538258969016,0.0
0.6168299460028317,0.15893417538062626,0.6735660197885469,0.9339202235066735,0.7887929253136955,0.8453884434596488,0.6395433005291649,0.20706900067759168,0.5109560619221094,0.09975153655397714,0.6999941341207678,0.8607687582993877,0.525723509359783,1.0
0.4096697512541042,0.5976317438502201,0.3616175467552819,-0.04412112894979475,0.10172021240374365,0.6678271620378192,0.3972354811583261,-0.06363782405429494,0.6805891571029259,0.5015205538185139,0.44606611618815667,0.5201990347188687,0.7177587023532056,0.0
0.7514410777659113,-0.078878076483686,0.26308756425605717,0.024814304059416814,-0.03382392322621408,0.3250203759308663,0.6265728464883056,0.002689238881008471,0.4510360749192619,0.4605625549856204,0.6082592727117649,0.9649460568156465,-0.031706770578503796,1.0
0.2221010570964817,0.4865717580904077,-0.08349044056222288,0.32212903512692825,0.41007207748377816,0.5185031231631709,0.0710516885128108,0.6667805168855065,-0.19375241050409497,0.7738009678709268,-0.03759436733128299,0.31768044403170254,0.10264605446644545,1.0
0.3285820947977989,0.7537065675750418,0.11986864732058511,1.0361808443911644,0.21150797820988193,0.6510185178546276,0.9716919168826659,-0.040696279665505486,0.26916666724173055,-0.028969794478731575,1.009221759553373,0.4706839398094014,-0.03663988910958249,1.0
0.3839356633101594,-0.02976341998201862,0.3755427786910917,-0.07607492515879366,0.7634076450121537,0.8757575950013472,0.3292776247849621,0.013940120841846787,0.06732237865026702,0.38734594849580517,0.6008112294259421,0.7970854341687309,0.5111311631600618,0.0
0.738436612093804,0.1782836595512774,0.7189847154925004,0.3152115229157338,0.23858067602296681,0.526556531734903,0.5290312063811003,0.19297997177870013,0.6358206687334288,0.41300727890155414,0.6024746475267256,0.7460119136296461,0.6715547665829112,0.0
0.45778074570373173,0.4576774850888754,0.8629151823091983,0.6747550458694795,0.6302968688803992,0.08355178148984808,0.045750331508996496,0.7129954433903807,0.10574187841069521,0.1391378163601145,0.1726447948950318,0.49393302456901966,0.1439977409116002,2.0
0.4214004087470061,0.32442405431717236,0.3069390024294327,0.31302767109189245,-0.10121271078349614,0.1903932929808028,-0.09843223718564625,0.9203850007096761,0.18553389365449413,0.22424435658303252,0.6596400338405489,0.2558069129173093,0.05182257804218636,1.0
0.16453016570606008,0.4127915783567575,0.15677319210913382,0.9797360090908753,0.16114683207613073,0.21209292332867064,-0.07925205322991097,0.3280825227027455,0.056737024361530275,-0.1718959380798055,0.9851286562317563,0.17567870857819023,0.050835648662431704,1.0
0.5639731134722569,0.33177444065508793,0.9033018379841997,0.3316778683900759,0.2083744653187486,0.5370592824475944,-0.14078524283441696,0.8123521697109095,0.14464205467694652,0.6128734861200862,-0.34555817591414273,-0.045046356141453275,0.13788698641969682,2.0
0.30708210161173033,0.9526325126788594,0.8202549276572519,0.7353213029857183,0.21382601810613505,0.22808257521520764,-0.002536004286545962,1.0684331395373323,0.2282654411690259,0.3063294718072012,0.20613800674322968,0.06367318501910564,0.19419250522092,2.0
1.0486770393365203,0.3785433427603554,0.21030470019682013,0.14711544870104218,0.3644588660088521,0.7799765736381954,0.3378219434887059,0.2586892920137211,0.6787362207108011,0.6242590946738857,0.08132039870840468,0.4006240867798912,0.53402102547941,0.0
0.5610872477613957,0.20393850182422807,1.2244721292792455,0.8098392056808502,0.5978127448605494,0.6874553173411709,0.5864434398056767,0.5579245168479986,0.5076510265474573,0.32572883796269425,0.7046226928445504,0.7466393690131494,0.4423786354219853,0.0
0.5577782774178497,0.7653058012554758,0.7089862696548098,0.5343289166833224,0.5578791244661385,0.15864837993222536,0.1580926450407797,0.477861682090471,-0.07311636284252615,0.720380310283962,0.5599103012026214,0.058393035237783816,0.25476800946007844,2.0
0.697249291499794,0.08647107865440125,0.7036047294837421,0.4236321452821545,0.6140120979639749,0.4872319662820529,0.46589846998208806,0.3004629317996816,0.5227307216316066,0.37031262634314294,0.6074376101103429,0.4809907558007161,0.4373936969316049,0.0
0.41524511786020896,0.0648053001042939,-0.09979424237792611,0.5169677209972238,0.2901870057322925,0.19723492403091275,0.4292695884904043,0.2810256834091778,0.3320199540942904,0.22595236282357611,0.4208068512872757,0.4423427456312592,0.5007406784664984,1.0
0.9174962742340635,0.5878864107404141,0.23443282796011805,0.17663480491217853,0.5288451188627938,0.26185268621189733,0.7955221944806472,0.7305111746898225,0.853619189225669,0.34113369471584787,0.1782073009343912,0.7643137884092044,0.3751321871472021,0.0
0.6232548178598558,0.1873856416691717,0.5901196452019932,0.5526653332808708,0.4594393069244032,0.6827589426316656,0.611855032987544,0.10718419250673357,0.6566325900154756,0.4141703555888918,0.40732559615198344,0.6182489990537209,0.6442110629710409,0.0
0.3246421505676599,0.5890127378761131,0.5198764443176752,0.4357115532236537,0.12016579308538708,0.2980442825191223,0.01215724040018951,0.656576014069904,-0.09275481719665321,0.35616821925198816,0.35095874769530144,0.23242539288387237,0.12755060132598722,2.0
0.3002086981152307,0.09230740627308359,0.4505971177657933,1.135483946469531,0.6914845223628656,0.6060241530949326,0.6018081558801521,0.04535786731960301,0.508453420425176,0.01966902649702368,0.5565562336419347,0.4412632892551205,1.2266761361191956,0.0
1.0325255183553446,0.10276267664191928,0.5734815471736715,0.033463054306966014,0.15182082021252902,0.7185103372816936,0.7181721068865626,0.689410060884807,0.7888039825798839,0.33057903962424584,0.6767604231887103,0.44349773009503823,0.6039364919374425,0.0
0.8374245857032085,0.6730848047867977,1.1057285507431105,0.40100747464950814,0.6809229832303331,0.2944880081210292,-0.053031822838246576,0.5694230792647516,-0.09496598146643617,0.5179343688100428,0.4622238373170364,0.15447386582373376,0.4640176827209174,2.0
0.4542753994169276,0.32994452018817005,0.46976384717076997,0.5159189298257371,-0.17853482088550016,0.13960130777770613,0.15587554448996932,0.959459333238703,0.09048796113028176,1.0956976036643788,-0.10433626707823676,-0.10207776034702165,0.0271236289361773,2.0
0.7045587465217201,0.5986988956883436,0.7016502410328591,0.46919545093911286,0.45824315454869347,0.27675716292819713,0.04125394013694278,0.6115860981616095,0.18969476054317036,0.4365461032722553,0.3669873602018427,0.20290256615218233,0.25074493504155976,2.0
0.40541921674127207,-0.26847739342839283,0.4780498736896386,0.28489517816393417,0.11716939608970992,-0.0941377274961307,0.6280267088950227,0.5808741599984313,0.21067713769734514,0.4093539110329201,0.02641970164171381,0.6966464124274939,0.06520502326263636,1.0
0.609506916229059,1.0618921141363513,0.4808533410287951,0.5808928951013105,-0.14536188754218632,-0.05991159180506013,0.008181865106628435,0.6489603346138441,-0.00607073592797612,0.4280085728200668,0.27646791745344185,-0.025846195343945187,0.1402717574089429,2.0
0.301431594861876,0.4785285385341612,0.3767072504155834,0.47006196796830363,0.1915827953666148,0.3214973512217305,0.35646346626458175,0.2976716673670904,0.4128306950200334,0.030822944454948948,0.34817748086657263,0.6365555345633561,0.2925629678765261,1.0
0.365082439782964,0.2740144086111648,0.4981335336231844,0.5106902597770179,0.16154031330896457,0.13099901857712226,0.01372656541639869,0.5631746372302493,0.14905406349956257,0.8278717076576132,0.0554092371481523,0.15312253490535055,0.08609202278525527,2.0
0.3639041459635386,0.14808949157549942,0.4575917547290642,0.6214442490872156,0.46964044678994965,0.3155662828173095,0.39915951493548213,0.40998911900283536,0.427305545464362,0.009575304152992944,0.5065737619818586,0.5483008842038145,0.021953310584434935,1.0
0.18965779368325097,0.3586299823242281,0.6523125181477624,-0.07124940183031941,0.4087935250034811,0.3247953945773858,-0.24712658138715704,0.8944733290048632,0.15866055619940947,0.18349089814855343,0.7911245769273563,0.4284508252590553,0.07505395536419326,1.0
0.5870696772231074,-0.11497495541808264,0.47586986571931933,0.46974858839689215,0.8449375246580115,0.20083871760908023,0.068424216762364,0.04654096773275207,0.28360818615218875,0.12238975202067237,0.15250636340179974,-0.18349776659998443,0.3554066879840577,2.0
0.27955624571335175,-0.024034078299772,0.6341797403568771,0.7111647290197388,-0.10447599084950268,0.29473273436527353,0.171349930231586,0.7065185265768952,0.3154610294004153,0.2267586776125503,0.7903573065176054,0.6441585985970378,0.26620558273580464,1.0
1.4361091969167423,0.45149300620643645,0.43159409997545534,0.5826242205305423,0.4037627915755142,0.36058271354149773,0.5422749038661451,0.5834425399063528,0.6487920610770911,1.09728601647132,0.5855970770163362,0.5693734704640955,0.7687098979201349,0.0
0.5905789030359951,-0.04307525242594751,0.9745035863550815,0.06001632258477407,0.20978408582152497,0.9812786602085085,0.015947442285451086,0.7330339902023975,0.21796127154494618,0.06178580323239033,0.7365871563133553,0.2222063266763304,0.48790648474605236,1.0
0.6615846752489525,0.5736613422372838,0.8314958479734684,0.8544965480718184,0.37055959988519377,0.18293543726928715,0.12720977771721237,0.5547842569385518,0.45732116171383996,0.3318919113120202,0.12889831990117723,0.27100762802597783,0.1553298184237592,2.0
0.3959264975059879,0.4895049697941935,0.6671343521791604,0.26810804191677534,0.32079236835943536,0.46665582418267204,0.31315189281005773,0.8128251105115253,0.6272194771027122,-0.11359472930351502,0.7762610061656045,0.7080624381277343,0.08855138382386561,1.0
0.1789239402580045,0.19311709583662387,0.4060484806909186,0.6751958178329985,0.08472238002377731,0.5335759432344545,0.29668631848445426,0.5116410524199351,0.16145724270150533,0.15387876155279795,0.6071812777252633,0.6263646837814778,0.4074444104562294,1.0
0.40779515751379203,-0.07086548957092106,0.40891696425447055,0.26886431365968744,0.17871859632874676,0.3527365141199794,-0.114786416380374,0.7141281912381643,0.3305021965438122,0.4473011229841841,0.19666024138060273,0.13824931053996517,0.3004901233247183,2.0
0.4227013894715411,0.6693831215936387,0.511722755836657,0.6599646035958745,0.10253473311632358,0.26288775059319985,0.009657258125736111,0.5689897629693623,0.3301796125467801,0.6338458325165595,-0.01776201717931508,0.2313883605546671,0.35141816974208095,2.0
0.44425670817749363,0.10673758841375044,0.34636905109657007,0.3890114156791763,0.36169302647043244,0.3019813488160723,0.22275799498164514,0.7782640153535698,0.06711769841979719,0.2923559754635397,0.3532587127382443,0.1500425029695098,0.0514790833872347,1.0
0.64568228494031,0.05994910064915047,0.3294478498966928,0.6408853765575514,0.39465413338098077,0.7692459515072239,0.4913749215491783,0.18745145356256132,0.008042659157909804,0.07230554935094247,0.22966178016410493,0.3164141093642791,0.13713722947779922,1.0
0.5197848709956675,-0.046184140560942055,0.5746264403633059,0.911002019271394,-0.21238147136134533,-0.011074239815132503,0.40691173587894075,0.7735279923760061,0.4743269633300595,-0.0841860300660123,0.5658716060572051,0.32265357723078986,0.08929151861603343,1.0
0.2379078986839774,0.12290933781485698,0.6091194226919836,0.5613059021115625,0.11880237105386758,-0.004089769414209216,0.09225067811187353,0.7871689569539604,0.3444015240232423,0.14092677198363884,0.5265705299679011,0.5793365552439483,0.18488286215831592,1.0
0.6336700884952773,0.18889701886231575,1.0006699554090153,0.27081216172039324,0.18812549173781842,0.820565606007932,0.921936595238118,0.6535406158659414,0.5278196403658096,-0.10228706194460008,0.23577774298950024,0.8134132263703964,0.532559777010189,1.0
0.5084646140312608,-0.28927909841080257,0.6472676524948924,0.4063042347365431,0.15781173632536652,0.2610221823293313,0.055397088703198066,0.6602595468141685,0.021036786461491527,0.23443773800887335,0.7624768328634748,0.0756361624739611,0.15484808026697472,1.0
0.844561699688199,0.37237161005591235,0.6493714091764844,0.48155808568884745,0.6728502925377104,0.3888346996141411,0.936505945420321,0.7080169590537726,0.34271918758192144,0.21266754013337313,0.7231399071219047,0.27600647204505907,1.4531305010188538,0.0
1.0113597030564219,0.26038527938474915,0.36294717171518875,0.6624956114391934,0.5924397259015288,0.7255702115426578,0.1685021281135754,-0.0468321868554705,0.3325723997477273,0.5353319944446371,0.15366386071843874,0.737554591060598,-0.005778074777909148,0.0
0.41554289684183976,0.37487963123046064,0.6719934881783506,0.5932765349925448,0.5291539443616515,0.14568172122880557,0.16072688051611406,0.2172850173910475,0.3218542904746552,0.7831442265471554,-0.001165634820423674,0.04464846506589315,0.24648548252794927,2.0
0.42673657440747004,0.3161951846919505,0.12891667904531467,0.5700704298192598,0.5360802998394497,0.8934328394981295,0.8499659464876331,-0.12000080618583439,0.41261134225739576,0.37849435077248755,0.11234454857365034,0.5636844622269797,0.6102861748924886,0.0
0.5043795049342866,-0.03256619575944042,0.5288665384518567,0.2830986717016922,0.6117210972318117,0.6079433941749296,0.44494336584093547,0.40300464778105977,0.4314733964468657,0.35621827450866483,0.7108735106836028,0.7689939979819439,0.5848452666433437,0.0
1.0073988379323022,0.2894786617070656,0.7515716262675431,0.5726703234718283,0.20323044337244917,0.9392039876931656,0.6999323180577995,0.5904806693522376,0.5208762101211589,0.9717476812042524,0.4553496538076598,0.4400839362464793,1.0239563638517737,0.0
0.8884298973763163,0.5056324030180467,0.22772698438707428,0.20847762255281593,0.30210495635615986,0.6845345508063009,0.6664971755614996,0.04828676640069582,0.5722732900240387,0.5153122699379837,0.4193996712670073,0.8704563539649244,0.4136887341528591,0.0
0.31781271598514443,0.4899487431607688,0.5220582538613484,0.4418602797250646,0.29445311487921144,0.09766921877205151,0.03306938007975826,0.5257619235690401,0.07827705184075631,0.34853315174370775,0.1776175686372414,0.20869998112066576,0.21803746304149768,2.0
0.6112324238012299,0.7820020661820832,0.8807186701756652,0.3614690939237622,0.8173144503166627,0.27641285548114547,0.11655543667306269,0.4139580087951875,0.5410421123691356,0.9333636759342293,0.2609241004737748,0.03320051380596552,0.1151406453374334,2.0
1.1855220665248638,0.6600434715012349,0.8636727598735132,0.559648469826963,0.4487914435192344,1.049679475871104,0.6640462343907515,0.5675885183366118,0.3934489588014699,0.31621136209284095,0.6245098010562284,1.1429932241205445,0.46896715107940445,0.0
-0.39652127694420447,0.1413636545484633,0.3731707824030909,0.6035586415676439,-0.08595288417632507,0.20362241214898244,0.26263849223672453,0.9854005210757855,0.663983378627427,0.12396742609260596,0.8389887537397456,0.4798869060244509,0.22782399344903823,1.0
0.7752080327203656,0.2702142067516747,0.5096760077687817,0.4710369981474207,0.2948982210971904,0.45960232914939547,0.40374826182774215,0.13565025755291304,0.40144061679469645,0.515342819198705,0.635379434703784,0.5903672681793458,0.7698804282156723,0.0
0.7320211060423438,0.38255828106197337,0.8469362588098865,0.9807853176141815,0.22954839939038513,0.6605186451846995,0.293040416638461,0.8403980750703939,-0.04285537991205737,0.2274939645660769,0.4142072325070296,0.3719435130584945,0.4239424459548038,2.0
0.34593451567336225,0.4753688646778362,0.7234050702041313,0.8585745642814787,0.31027716884742196,0.35875199217266174,0.10799679718134628,0.9229743489104745,0.13599897542972056,0.5424855587330725,0.2258571681776964,0.07241276870206309,0.49822578312052124,2.0
1.0270959839743474,0.16696746991479236,0.4193837612920303,0.18164873060577288,0.16881394861346977,0.6216305239788921,0.639963199710309,0.32395009623461923,0.470218226935273,0.3387436490403346,0.5167476800186163,0.5256878286604183,0.4961584722787372,0.0
0.5636995248782096,0.21906769215538838,0.436103897537731,0.36466279383061373,0.23318655245151984,0.32265885137229744,0.3920343631361967,1.0239985391972974,0.05320477039389574,0.21117836648299212,0.6469764676937451,0.3743212831714775,0.18085870209007238,1.0
0.3250709501174753,0.4141040544771182,0.5091301183596422,0.3314468854038746,0.2544454928401543,0.4939262563393642,0.4160851901392908,0.20156901696556684,0.5405981362559741,0.0694286420883472,0.5535161754418993,0.7428131896574464,0.05973771432096553,1.0
0.6497231300463374,0.3701340906905571,0.5638340680987154,0.4936609532775905,0.1005578626945508,0.13102408230946705,0.11124804896182056,0.5503342306754233,0.1826593834283362,0.694630366382499,0.17113039643759922,0.17300716704174612,0.21766869877691744,2.0
0.8785411531526506,0.16165680789648892,0.5430806351542071,0.1828159980080079,0.31555399935555056,0.5036063735706668,0.4685877898163765,0.33522780414221537,0.5469940069214628,0.40006805756055075,0.5250235161683513,0.8665572633217604,0.7379544101547533,0.0
-0.2661683161489491,0.2923115768598898,1.318237054373882,0.7633562715635936,0.4468863983480105,0.5783024824060258,0.28615814030446707,0.8951231530494972,0.14084303637190995,0.7188829795112295,0.6611737374255116,0.2449463001833218,0.266886864263894,1.0
0.349453999227362,0.5391866382854099,0.46877041770193867,0.38215070673465923,0.25084030513184286,0.6872351526231618,0.6147601764555606,0.6174231221855857,0.7615624824778569,0.05822443111488762,0.7420860483708779,0.5807940660563533,0.17175863648031445,1.0
0.6733185515636362,0.3312433516351488,0.8477350603754736,0.33046736824658507,0.745835814795502,0.6442314194719378,0.7148678218249832,0.3422199545332676,0.6383749267067875,0.39368443905164546,0.6078147281978036,0.5456646221873621,0.7224198706684662,0.0
0.4072985363523395,0.21818080582602808,0.6876882553236643,0.3336075001827733,0.4691059265796611,0.4905773971277909,0.5241481312075605,0.25840639533517046,0.43595303081760256,0.30882634358713046,0.35198416836886603,0.7269855143977138,0.05053662499661157,1.0
0.7633959830744305,0.03797865243507226,0.5904165538318773,0.009123122256579297,0.21233934331507587,0.8809267740111719,0.844741085398143,0.36512556449624584,0.3361362240893998,0.7367815508575415,0.8567746968694245,0.8083085775000544,1.07425619256899,0.0
0.6640247917457297,0.44835488385822386,0.630216718794137,0.5326856992260806,0.4438116548516712,0.13759003873732842,0.04188345603615762,0.8675542836516639,0.1087222395379689,0.20593581194457455,0.3053995210463064,0.29139741363666866,0.16156902899302097,2.0
1.0354379797475528,0.3003577341108644,0.17773108985270247,0.6058874683131796,0.367242553956302,0.33761010010802406,0.2930839867782765,0.548359474524153,0.08068630510316137,0.9767013575973328,0.6266868896633123,0.35103232747186447,0.06474456958408936,2.0
0.6129969122855906,-0.1353952279826355,0.3430354349641371,0.4758929508811488,0.05307990367660037,0.4020227695219264,0.37174845032028,0.5584218810042996,0.20779189700379963,0.10169225143994212,0.7574020285142147,0.5318779350933099,0.445774764080625,0.0
0.713742191147652,0.8394285974633412,0.8035205126227739,0.500627799880957,0.14992733912216535,0.1941412584317204,0.20222398478779435,0.741113239635459,0.2865396203912044,0.8188131616845843,0.0729512890174705,0.4763334960962966,0.11239036649396045,2.0
0.8870949041347844,1.1689444976420769,0.5294328401829784,0.6693699857389328,-0.052425673047961086,0.7855193234902984,0.649605734987479,0.4819617012966766,0.7196395578031229,0.20889698735439888,0.23621130585856262,0.9469637979917076,0.0643488484848733,1.0
1.062033348407661,-0.028681365261167546,0.48889320981495604,0.5505250343029995,0.5908027906568459,0.31605397931224355,0.42501045381713914,0.49473970440344706,0.15194939560017875,0.056658643454953195,0.7226202010036825,0.9342121339991434,0.47742179406743984,0.0
0.8779886619051139,0.48395839954051767,0.7823509473822386,0.20809664668189426,0.6103543394032171,1.143494574426349,0.6231587052093052,0.21828267459696632,0.4918817268473417,0.30451744789593516,0.6169518373301618,0.7259122944731088,0.4911966783781491,0.0
0.7853585128388173,0.04073822385595299,0.5148378908240259,0.2475927302589831,0.6717209786174557,0.6777038841670585,0.5575973669479423,0.1718653976273067,0.5142525506279428,0.384059139388922,0.5116698254283211,0.9073051316487054,0.327305627275055,0.0
0.6094406515661515,0.20130382423535548,0.7889145121118544,0.831300356518911,0.7227903753530317,0.6598791493091172,0.22295135026488738,0.7420673100357432,0.4207445269817596,0.6489224712332153,0.6725380324732728,0.7460838105353155,0.7091264640439573,0.0
0.5527397213277147,0.33170437992645774,0.39054869545073834,0.6836505577399554,0.2370250874956166,0.38009010131951004,0.3042608914320883,0.36596487325070387,-0.026940953945172624,0.47723755139481805,0.5870123741903154,0.7526017094551833,0.29722233343262916,1.0
0.13173379097885732,0.25550741000806626,0.5912768383984064,0.5525044452073965,0.13275680658214906,0.42207626227933315,0.20753733619530707,0.6723312525915311,0.29700472644416237,0.13184914911686887,0.30877296138498267,0.5947833753236759,0.2673575238881336,1.0
0.5375468571316627,0.08352850920288105,0.5266099931388137,0.44062994827430524,0.3942798273424075,0.5526635413897452,0.155047333642274,0.7802129221376479,-0.13246654819400075,0.12975072989356423,0.26235727918501595,0.5665521565598861,0.26100244271180617,1.0
0.444436120427209,0.37969475983617046,0.47696002269844456,1.1478171981555358,0.5961040638234136,0.3315797004194614,0.755001462194977,0.5819133019615989,0.042410781983120205,-0.07630240887048234,0.5171020711953367,0.5746363422177144,0.5203347242733822,0.0
